{
    "dataset_real": "data/processed/framingham_clean.csv",
    "dataset_synth": "data/synthetic/tabddpm_framingham.csv",
    "target": "TenYearCHD",
    "utility": {
        "baseline_accuracy": 0.8278301886792453,
        "baseline_f1": 0.7822042325959819,
        "tstr_accuracy": 0.8431603773584906,
        "tstr_f1": 0.779985548015932,
        "utility_loss_gap": -0.015330188679245293
    },
    "privacy": {
        "avg_dcr": 1.8948299163114593,
        "exact_match_count": 0,
        "exact_match_percent": 0.0
    },
    "fidelity": {
        "corr_matrix_mae": 0.05358210088083298
    }
}