{
    "dataset_real": "data/processed/diabetes_mcdd_clean.csv",
    "dataset_synth": "data/synthetic/tabddpm_diabetes.csv",
    "target": "Diabetes_Target",
    "utility": {
        "baseline_accuracy": 0.9782608695652174,
        "baseline_f1": 0.9781806402675968,
        "tstr_accuracy": 0.8813664596273292,
        "tstr_f1": 0.8610098878093849,
        "utility_loss_gap": 0.09689440993788823
    },
    "privacy": {
        "avg_dcr": 3.693043162197352,
        "exact_match_count": 0,
        "exact_match_percent": 0.0
    },
    "fidelity": {
        "corr_matrix_mae": 0.09131384307989002
    }
}